feature,votes,mi_score,f_score,p_value,rf_importance,correlation,variance_selected,mi_selected,f_selected,rf_selected,corr_selected,final_selected
da0d00034_2,5,0.009728010113587593,4534.448387572326,0.0,0.024906077165032427,0.28835981152940626,True,True,True,True,True,True
da0d00029_1,5,0.009937488395353578,1188.9733758244847,1.6174386681883601e-257,0.02548839563970684,0.1524075000493999,True,True,True,True,True,True
db0d00005,5,0.0060117102331710415,833.5252102379343,8.689809340856413e-182,0.006709250016457819,0.1280538969120242,True,True,True,True,True,True
da0d00029,5,0.009939123010343609,1641.651439268629,0.0,0.034600509422013905,0.17829896607976262,True,True,True,True,True,True
da0d00025,5,0.0067529407413673415,1478.9217790946705,6.87453e-319,0.008736746234414984,0.16949867896588158,True,True,True,True,True,True
da0d00035_3_2,5,0.009517845376931233,2578.8110659050703,0.0,0.033502398532947585,0.22146884558772575,True,True,True,True,True,True
da0d00033_2,5,0.009051258779511073,4121.229957892375,0.0,0.007320624153724416,0.27595458849203236,True,True,True,True,True,True
d2b000002,5,0.012486034399779244,939.5088290904594,1.9972169841686728e-204,0.022020778620048427,0.13580994777257868,True,True,True,True,True,True
da0d00035_3_1,5,0.007132592516955416,1693.8093454961731,0.0,0.03385222174774529,0.18101784711951152,True,True,True,True,True,True
d2b000001,5,0.004304303025592038,1090.079215264683,1.672253481471293e-236,0.00955566511169464,0.14607276234549937,True,True,True,True,True,True
d2b000012_2,5,0.0038218767151546595,985.340260923594,3.3580220524077736e-214,0.006264349639865479,0.13902054008761328,True,True,True,True,True,True
da0d00035_4_1,5,0.008027071451306766,1656.4097712917155,0.0,0.023633444498557362,0.17907303330834387,True,True,True,True,True,True
da0d00026,5,0.00804468182749185,754.259354589114,8.010266538091738e-165,0.016295550939119503,0.12190812796817602,True,True,True,True,True,True
d2011000h,5,0.0051072477083586865,908.5124622191942,8.245255849443616e-198,0.008707771338191558,0.13359148329097595,True,True,True,True,True,True
d2b000003,5,0.012904920963870192,1045.8780224787602,4.261086533069841e-227,0.021508031790986985,0.14314252949672573,True,True,True,True,True,True
da0d00035_4_2,5,0.009959315907838606,2300.2586164804875,0.0,0.03272712785385803,0.20972235167202655,True,True,True,True,True,True
da0d00027,5,0.008865908360179753,2134.2239507976037,0.0,0.015333327518670538,0.20233306880246185,True,True,True,True,True,True
da0d00026_1,5,0.00783047749087884,746.2477190745918,4.1678343070508757e-163,0.02332364119734122,0.12126852607940211,True,True,True,True,True,True
da0d00028,5,0.010272987690954749,2147.7843886545334,0.0,0.016184006903268697,0.20294844980985272,True,True,True,True,True,True
da0d00035_2,5,0.010888068668797657,3963.561034622639,0.0,0.018203166135254634,0.27101948941584947,True,True,True,True,True,True
db0d00009,5,0.006172797896737525,1030.5377804763627,7.870200013128666e-224,0.007235365607729895,0.14211024792250201,True,True,True,True,True,True
da0d00042,5,0.009813565355668796,5285.571404232825,0.0,0.00834585122652447,0.30920600982985497,True,True,True,True,True,True
da0d00021,5,0.008486894895442298,2684.7307070494294,0.0,0.009524235322088506,0.22574400525428126,True,True,True,True,True,True
da0d00044_4,4,0.0045136413454718305,767.6226448263665,1.1005268119287865e-167,0.0030044748984378094,0.12296712814367187,True,True,True,False,True,True
fn2_9,4,0.00187596533496448,52.338252767875645,4.738691997387271e-13,0.008784664459965903,0.03233747468166095,True,False,True,True,True,True
r007,4,0.0020085894385323266,129.05037792486985,7.19424433984041e-30,0.02457594083133666,0.050739194134176935,True,False,True,True,True,True
da0d00035_1,4,0.008120894666440837,2399.5805606718905,0.0,0.0054159760703832134,0.21399915104865913,True,True,True,False,True,True
da0d00032_3,4,0.0039330507274142334,560.9935734776403,2.4504995472996986e-123,0.0024000255769895317,0.10533670590113597,True,True,True,False,True,True
db0d00011,4,0.004730508058039429,842.2958702254139,1.1578362180397983e-183,0.0036613793155713128,0.12871474511395273,True,True,True,False,True,True
d2b000012_3,4,0.005043337636720602,1056.193418502185,2.713908695113201e-229,0.005191580793518477,0.14383216538475854,True,True,True,False,True,True
da0d00033_1,4,0.004817217470102442,2149.191850489539,0.0,0.003234455967473377,0.2030121961408659,True,True,True,False,True,True
db0d00007,4,0.0039025510764146842,799.8720433299098,1.3741572911558336e-174,0.002443538345234837,0.12548375294826059,True,True,True,False,True,True
da0d00032,4,0.005277828781517724,987.3601051576846,1.2460344581549582e-214,0.00020524613479578003,0.13916019932856308,True,True,True,False,True,True
da0d00024,4,0.005620262450749536,885.049899127782,8.449509337673638e-193,0.0002932630210992625,0.13188557923332064,True,True,True,False,True,True
d2b000005,4,0.004352457492062589,732.2655525268099,4.129500486055034e-160,0.006023309177646175,0.12014362580770009,True,True,True,False,True,True
da0d00031,4,0.0033579525622342565,1139.4646138072828,5.295325761982351e-247,2.960071833539937e-05,0.14927285022450779,True,True,True,False,True,True
da0d00044_3,4,0.0037302769235271205,1411.590484273036,1.1405357084332014e-304,0.0016428582625673093,0.16570373164322214,True,True,True,False,True,True
fn1_22,4,0.0012502342909486153,61.36310825976209,4.8392871673895925e-15,0.010528611390059887,0.03501152397635189,True,False,True,True,True,True
da0d00034_1,4,0.0073710508361838345,2284.749242530771,0.0,0.0050156266094493,0.20904513397205293,True,True,True,False,True,True
r022,3,0.0002576466849659731,43.72765250963056,3.8118989625073555e-11,0.007332722917819603,0.02956051078510958,True,False,False,True,True,True
d2b000012_1,3,0.002876599853939843,873.2332010725513,2.826946147468388e-190,0.005660243704106599,0.1310174030704538,True,False,True,False,True,True
fn3_6,3,0.002309338887322654,31.202630043432514,2.33656789853386e-08,0.010321956133779031,0.024973752903292356,True,False,False,True,True,True
fn3_1,3,0.005305235491057103,5.937198350912435,0.014828030232402577,0.0025150566552640465,0.010896541533182218,True,True,False,False,True,True
d2b000012,3,0.0033070887267711013,843.1410665016863,7.637365829397826e-184,0.00271224846447933,0.12877823747116057,True,False,True,False,True,True
n012,3,0.0014305791331439277,21.69778747066354,3.1997941319786867e-06,0.008744316629438557,0.020827502427674664,True,False,False,True,True,True
fn3_11,3,2.788359898775461e-05,20.20165150841642,6.984892310521261e-06,0.007140730608725038,0.02009691524396997,True,False,False,True,True,True
n009,3,3.25026767340475e-05,11.734997276220424,0.0006138494112158607,0.006980506533570212,0.015318428716841389,True,False,False,True,True,True
fn3_7,3,0.0008979884888342671,39.35898807125078,3.555049304279543e-10,0.007093915888502009,0.028046248158629696,True,False,False,True,True,True
r016,3,0.005376167083464334,18.50980554338502,1.6935293745323702e-05,0.0019075707315201163,0.019237305266059098,True,True,False,False,True,True
fn2_3_4,3,0.006163161464940781,29.061156412826055,7.044592588344385e-08,0.0031699305985127967,0.024102048191328617,True,True,False,False,True,True
r019,3,0.0007327389804356876,33.70680563890849,6.446246740084043e-09,0.006994569551164311,0.025955902789962397,True,False,False,True,True,True
fn1_24,3,0.0015959203589883675,24.288225221268846,8.320938933681173e-07,0.007127759361543583,0.02203515519195263,True,False,False,True,True,True
fn1_23,3,0.0012097727518030066,44.97772768704321,2.014028206857583e-11,0.008031645258133985,0.029979693153502195,True,False,False,True,True,True
db0d00006,3,0.0041571706652151486,1975.9545167471856,0.0,0.0009553520097337917,0.19498248039129348,False,True,True,False,True,True
fn3_11_1,3,0.000896756496129969,34.3850023385695,4.5502892458746664e-09,0.008812002459169042,0.026215547137773677,True,False,False,True,True,True
fn3_2_2,3,0.004863174564613271,9.247955769957949,0.002358804876309453,0.0023012624041885165,0.01359898186539872,True,True,False,False,True,True
db0d00010,3,0.004530575020203931,2058.326927445801,0.0,0.00026020820021831903,0.1988476291106732,False,True,True,False,True,True
ascd10101,3,0.0027961360751308506,154.2899588255025,2.2574466788774613e-35,0.0031592241312068292,0.05546556581899026,True,False,True,False,True,True
n010,3,0.008230673651136278,12.236780992371902,0.0004689728607887805,0.0019667552733084585,0.01564242704965712,True,True,False,False,True,True
r012,3,0.001532230918325883,37.127384917218066,1.1146456751071389e-09,0.011716880227405491,0.027240161332346063,True,False,False,True,True,True
r015,3,0.0011735588839003608,24.031819393891883,9.505317180292786e-07,0.007082060140151232,0.02191859245652627,True,False,False,True,True,True
fn2_2_1,3,0.0,7.254526356952449,0.007074610859010645,0.007128062861344642,0.012044720050766247,True,False,False,True,True,True
fn3_3,3,0.0006015163017012437,15.20114894512157,9.677070360841408e-05,0.0067431668710974235,0.01743395339666592,True,False,False,True,True,True
fn1_20,3,2.4636794764276715e-06,7.695180413152116,0.005538900394506667,0.007301016917987117,0.012405082832602023,True,False,False,True,True,True
n011,3,0.000362826556288498,44.245439507066486,2.9265443890481584e-11,0.009159479935088817,0.029734857559830668,True,False,False,True,True,True
n008,3,0.0033943714059286867,18.252154167238775,1.9386422128099183e-05,0.0048821444029887575,0.019102996287797176,True,True,False,False,True,True
n003,3,0.0006478456141298938,48.61202837579167,3.158076122556466e-12,0.007259469411063994,0.03116624856440237,True,False,False,True,True,True
da0d00030,3,0.0020229081335265686,737.4550447695699,3.1902835223315526e-161,1.7153755328065865e-18,0.12056243073809995,True,False,True,False,True,True
ascd10103,3,0.0017191442354171915,154.2899588255025,2.2574466788774613e-35,0.002052719229999199,0.05546556581899026,True,False,True,False,True,True
fn2_10,3,0.0013409446176924078,42.2098060518279,8.275569536132972e-11,0.0070934193088845136,0.029043377340108312,True,False,False,True,True,True
fn3_2,3,0.004288073558224581,22.565233651189104,2.0369028139692525e-06,0.0029526355782869187,0.021239565099586695,True,True,False,False,True,True
fn3_8,2,0.0006559003207029512,37.15190838010311,1.100725826928156e-09,0.005632520627968203,0.027249149535495672,True,False,False,False,True,False
r023,2,0.0,22.603936284523932,1.996297891686189e-06,0.003050038219739248,0.021257763532428288,True,False,False,False,True,False
fn2_8,2,0.0,0.025885918113146236,0.8721798905977656,0.006460223509213744,0.0007195406892466744,True,False,False,True,False,False
fn1_16,2,0.0003146257761348359,3.8695695009454645,0.0491746523634368,0.006413135165346933,0.008797073169835554,True,False,False,True,False,False
fn2_4,2,0.0,7.086308726324797,0.00776999125931268,0.00523491926792276,0.011904274809123596,True,False,False,False,True,False
fn1_22_1,2,0.008930478762004701,0.36734803442282454,0.5444561286381073,0.0017432659877634612,0.0027105720057462868,True,True,False,False,False,False
fn2_1,2,0.0009327038755404526,0.08224710552533473,0.7742761758018213,0.006427638989008721,0.001282577562895943,True,False,False,True,False,False
as3c30110,2,0.0002470000937471184,16.072599599258854,6.104810354010402e-05,0.0019079251171451644,0.01792655974074247,True,False,False,False,True,False
fn1_22_2,2,0.003864729967249292,0.13845371629294043,0.709824669071388,0.0017474448595296685,0.0016640845606221088,True,True,False,False,False,False
as1c20102,2,0.0015687397098520517,15.453172404553268,8.468869522259661e-05,0.0043525066497727884,0.017577835838998548,True,False,False,False,True,False
r020,2,0.0005111403008262183,17.221956199175636,3.3312015339377747e-05,0.003634204262330301,0.0185562467959494,True,False,False,False,True,False
wg_gb,2,0.008104501837209677,4.271755788789504,0.038756005768808305,0.0006576731018494573,0.009242901827763508,True,True,False,False,False,False
db0d00008,2,0.002556727740586906,1214.760374194388,5.446964819977422e-263,7.032779693924857e-05,0.15401258697601666,False,False,True,False,True,False
fn3_4_1,2,0.0,7.407230484550225,0.006498474052186094,0.004927794785672123,0.01217080894527562,True,False,False,False,True,False
da0d00044_2,2,0.0028789103889718115,1253.6199811655583,3.122586946460644e-271,4.035055938359996e-06,0.15639726504108306,False,False,True,False,True,False
fn2_10_1,2,1.5006855320409684e-05,5.841728684711687,0.015653998207102903,0.0056338150826386645,0.010808589059135936,True,False,False,False,True,False
fn2_3_3,2,0.0029523534360373915,39.335589874043585,3.597871574794702e-10,0.00305186694427424,0.028037916984448154,True,False,False,False,True,False
n002,2,0.00070250361521218,4.694484503998647,0.030264282117483294,0.008433778218730011,0.009689408169048098,True,False,False,True,False,False
fn2_3_2,2,0.00036715949046062235,9.562080721894363,0.001987471357441638,0.003874603964310739,0.013827967859418451,True,False,False,False,True,False
fn2_5_1,2,0.0004005613790405427,9.562080721894363,0.001987471357441638,0.00376982953843366,0.013827967859418451,True,False,False,False,True,False
fn3_2_1,2,0.004037544719892261,1.7980221260974207,0.17995788592561357,0.002016710212470181,0.005996714749500333,True,True,False,False,False,False
fn2_5,2,0.0007509760347568228,33.98358419372925,5.5919514621725955e-09,0.00468804325640249,0.026062179399923998,True,False,False,False,True,False
fn3_5,2,4.334446336251574e-05,47.78754945928629,4.8067794913139375e-12,0.005263244211985381,0.030901077004393568,True,False,False,False,True,False
r004,2,0.0,8.22708574603368,0.004128701214283098,0.004840649562800755,0.012826582754778925,True,False,False,False,True,False
n005,2,0.00015401431459327597,4.911418087375092,0.026684213201204683,0.006838400757364392,0.009910733696540127,True,False,False,True,False,False
r018,2,0.0007891021335286741,0.7390593734318445,0.38996648290192726,0.006556123930885086,0.0038446794719633757,True,False,False,True,False,False
da0d00044_1,2,0.0022099612643805555,1123.2203076186956,1.5006910481515544e-243,5.377666210480563e-18,0.1482285523904348,False,False,True,False,True,False
r006,2,0.0017649564577183474,16.89003455343418,3.967208166499041e-05,0.006125946927269954,0.018376618941984422,True,False,False,False,True,False
fn3_4,2,0.0006592905976461338,47.78754945928629,4.8067794913139375e-12,0.0054992443978927556,0.030901077004393568,True,False,False,False,True,False
n004,2,0.00045116616800355835,12.73012867733452,0.00036014817231306217,0.0061019589862314795,0.015954558812514272,True,False,False,False,True,False
db0d00012,2,0.002863356937973127,1526.5501631498123,0.0,4.6264349053896494e-05,0.17212677649278668,False,False,True,False,True,False
n006,2,0.00015087656272227967,18.444430900105107,1.7526075958158865e-05,0.005499874944759298,0.019203315719498876,True,False,False,False,True,False
r013,2,0.00032656115116602713,5.437045667118996,0.019717937350944743,0.004472775769773477,0.010427532733420751,True,False,False,False,True,False
fn1_11_4,2,0.00020442265507902846,19.184447885983758,1.1891726731142937e-05,0.003639332476408447,0.019584614710738992,True,False,False,False,True,False
n001,2,0.0,18.73906629122135,1.5017117449261697e-05,0.0056948422003325885,0.019356030017183046,True,False,False,False,True,False
fn2_3_5,2,0.009972987161915192,0.20645997815660883,0.6495582725750209,6.210976826004938e-05,0.0020320796449280307,True,True,False,False,False,False
fn1_24_1,2,0.0008228587123011444,7.120407541884648,0.007623596180554255,0.0056488401844954905,0.011932877631792169,True,False,False,False,True,False
fn2_3_1,2,0.0006416210321353866,33.98358419372925,5.5919514621725955e-09,0.004803919912675076,0.026062179399923998,True,False,False,False,True,False
fn1_5,1,0.00027947950960061085,1.059308780630568,0.30337786788362964,0.004018763097513116,0.004602887595059855,True,False,False,False,False,False
empe_cnt,1,0.0025793346078175627,4.622710755664377,0.031556119121235744,0.004925293811427422,0.009615059321417332,True,False,False,False,False,False
fn2_2,1,0.0,1.9849788324279145,0.15887309713670475,0.006223282112292238,0.006300760952093424,True,False,False,False,False,False
r014,1,0.00040220575947014225,0.0737562497544312,0.7859453171932693,0.0047160049109193965,0.0012145706345426575,True,False,False,False,False,False
fn1_11,1,9.190183331342361e-05,1.1422107761976126,0.28519082343111235,0.004276635551938288,0.004779603272359803,True,False,False,False,False,False
fn1_21_1,1,0.0,1.9516802332720158,0.16241210467554476,0.005969123300140866,0.006247690964476697,True,False,False,False,False,False
fn1_1,1,0.0,0.012034524090785977,0.9126461715105241,0.005118438458484831,0.0004906119155944594,True,False,False,False,False,False
n007,1,0.00019280120605769113,3.665171458285461,0.055566627563406704,0.004202772059418934,0.00856159961640114,True,False,False,False,False,False
fn1_13_1,1,0.0006011934319822831,2.378261378461906,0.12304073811078411,0.004249897859067834,0.006896728770239815,True,False,False,False,False,False
as1c10132,1,0.0,0.87890434361715,0.34850647495611153,0.0002912423011128094,0.004192669914925106,True,False,False,False,False,False
fn1_21,1,0.0003372516821718019,0.7269756301185399,0.3938693487156415,0.001584798374645247,0.00381311982435465,True,False,False,False,False,False
r001,1,0.0,0.0009472877929105177,0.975446675908804,0.004430068518583507,0.00013764633469391476,True,False,False,False,False,False
r002,1,0.0010045231155670908,0.02380110763059132,0.87739268273117,0.004821675354558564,0.0006899572217372913,True,False,False,False,False,False
r008,1,0.0009251376070171791,0.09371675291861475,0.7595054792692989,0.00492456662933056,0.0013690896688555473,True,False,False,False,False,False
r009,1,0.0016477004373705029,0.27507952085766635,0.5999468860318188,0.0035382678456189888,0.002345587393345872,True,False,False,False,False,False
fn1_3,1,0.0,0.15177457227490118,0.6968469084781109,0.0056773295191138275,0.0017422983828043546,True,False,False,False,False,False
sic_cd_3,1,0.0010312531000309377,0.1781230976355466,0.672993021778652,0.005164979499843461,0.001887482917621841,True,False,False,False,False,False
fn2_7,1,0.0,1.2412718724891652,0.2652314293946269,0.0050686617407759696,0.004982550970229049,True,False,False,False,False,False
fn2_1_1,1,0.00035761661077882145,0.6625439327589512,0.4156671498785749,0.006005119525222364,0.003640224322003398,True,False,False,False,False,False
r025,1,0.00021905666093391396,1.1066288624406602,0.2928210188202121,0.005096408856932157,0.0047045693434684555,True,False,False,False,False,False
fn1_18,1,0.0006863425942196244,0.8850742137456119,0.3468201944841012,0.0043322826045896065,0.004207360098718892,True,False,False,False,False,False
fn1_17,1,0.0006780988638963592,4.101807460521856,0.04284269730075368,0.004774816722428346,0.009057190561749145,True,False,False,False,False,False
ct_cnty_gu_cd,1,0.0012475059595931093,0.5473309657636134,0.45941378906008,0.0056662155415974445,0.0033086156260227592,True,False,False,False,False,False
fn1_10,1,0.0009580237381585643,3.0207601124104784,0.08221108472644445,0.0018068385434196713,0.007772642336088883,True,False,False,False,False,False
r003,1,0.0010121790192043623,4.790271161085524,0.028625529662887634,0.0051284278400882686,0.009787751379007508,True,False,False,False,False,False
r021,1,0.0009906917405115845,0.1119648495565968,0.7379195795765972,0.0028607404646437758,0.001496456331376986,True,False,False,False,False,False
fn3_10,1,0.0011948193067587987,3.453908176473751,0.06310827011863906,0.005515469208623367,0.008311206586392887,True,False,False,False,False,False
fn1_4,1,0.0,0.26564690547307573,0.6062692061496171,0.0034178648389530104,0.0023050211291656647,True,False,False,False,False,False
fn1_13,1,0.0002165605644897095,0.21372654190950835,0.6438641385620169,0.004187898650979944,0.0020675307863978793,True,False,False,False,False,False
fn1_11_3,1,0.0008060055470471283,3.9975908826247433,0.04557074981225467,0.0026743073907566106,0.008941399418418997,True,False,False,False,False,False
fn1_9,1,0.0003901704347590851,0.30738908200653564,0.5792892655375299,0.0008417770701697984,0.0024795140175494818,True,False,False,False,False,False
fn1_11_1,1,0.00043498877530834257,0.7943791819674156,0.3727835221367154,0.004985302379083593,0.003985971241394232,True,False,False,False,False,False
fn1_8,1,0.0,0.20960474920260294,0.6470793635611907,5.829954102241967e-17,0.0020474972770594077,True,False,False,False,False,False
fn1_7,1,0.00040011227782343894,1.4212366675795307,0.2332056190876242,0.00037715553996540675,0.00533151595507987,True,False,False,False,False,False
fn3_10_1,1,0.0,0.01157726769760619,0.9143152435080842,0.005597761713411379,0.0004812011665379594,True,False,False,False,False,False
fn1_14,1,0.0,2.819035251850261,0.09315862600594718,0.00407911467223426,0.007508647114948898,True,False,False,False,False,False
fn1_19,1,0.0,0.9209307205158672,0.33723535465564514,0.004605739355199089,0.004291737633856468,True,False,False,False,False,False
r024,1,0.0002735651183554122,1.5353393095686099,0.21531869156979958,0.006012267228935794,0.0055413961741109215,True,False,False,False,False,False
fn2_3,1,0.0,1.631224307428262,0.20153972418857766,0.0039390203935969585,0.00571180591169112,True,False,False,False,False,False
fn1_6,1,0.0001208115977251456,4.635244331922854,0.03132645232898299,0.0007898111428818813,0.00962808396802933,True,False,False,False,False,False
fn1_15,1,4.002094537125522e-05,4.162324074680711,0.04133789707373971,0.004102681395082661,0.009123753697457514,True,False,False,False,False,False
fn1_11_2,1,0.0,0.8378054743571186,0.36002957578169814,0.0006405567213502478,0.004093470284901758,True,False,False,False,False,False
fn1_2,1,0.00017755367747529505,0.29851736661950784,0.5848158330393657,0.005546671674690354,0.002443470996003994,True,False,False,False,False,False
